{
  "cat__region": 0.5746414065361023,
  "cat__sub_region": 0.1832519918680191,
  "num__bpm": 0.10928992182016373,
  "num__pitch_midi": 0.06559692323207855,
  "num__swing": 0.004719709046185017
}