{
  "cat__region": 0.5625467896461487,
  "cat__sub_region": 0.1883440613746643,
  "num__bpm": 0.11837921291589737,
  "num__pitch_midi": 0.06389008462429047,
  "num__swing": 0.0043398248963057995
}