{
  "cat__region": 0.5654394030570984,
  "cat__sub_region": 0.1844107210636139,
  "num__bpm": 0.11701255291700363,
  "num__pitch_midi": 0.06501223146915436,
  "num__swing": 0.0056251282803714275
}