{
  "cat__region": 0.61700439453125,
  "cat__sub_region": 0.1466876119375229,
  "num__bpm": 0.10404206067323685,
  "num__pitch_midi": 0.06574530154466629,
  "num__swing": 0.004020623862743378
}