{
  "cat__region": 0.6000499129295349,
  "cat__sub_region": 0.20090033113956451,
  "num__bpm": 0.12627115845680237,
  "num__pitch_midi": 0.06814942508935928,
  "num__swing": 0.00462914677336812
}