{
  "rmse_tuning_hz": 0.0,
  "rmse_freq_bpm_harmonic": 2.995017827479941,
  "rmse_freq_mains_fundamental": 0.006532961778580704,
  "rmse_freq_mains_harmonic_2": 2.915949722988344,
  "rmse_freq_mains_harmonic_3": 2.984796852656228,
  "rmse_freq_mains_harmonic_4": 2.9487969960803597,
  "rmse_freq_mains_harmonic_5": 2.9646054635591454,
  "rmse_freq_mains_ref_fundamental": 0.045444799867922867,
  "rmse_freq_mains_ref_harmonic_2": 2.306893235226441,
  "rmse_freq_mains_ref_harmonic_3": 2.4230480039299835,
  "rmse_freq_mains_ref_harmonic_4": 2.34933942263288,
  "rmse_freq_mains_ref_harmonic_5": 2.3981513914170445,
  "rmse_freq_pitch_ref": 2.8581722510889143,
  "rmse_freq_schumann_bpm_anchor": 0.5833375499921549,
  "rmse_freq_solfeggio_seed": 2.520880105459234,
  "rmse_freq_sub_bass": 2.674747366390519,
  "rmse_mean": 2.060982121909231,
  "r2_mean": 0.9763609312273838,
  "rmse_region_DETROIT_FIRST_WAVE": 2.116394971888247,
  "rmse_region_DETROIT_UR": 2.27930289339285,
  "rmse_region_DREXCIYA": 2.224793511240626,
  "rmse_region_JAPAN_IDM": 2.2174478769232984,
  "rmse_region_UK_BRAINDANCE": 1.2312539418432817,
  "rmse_region_UK_IDM": 1.594662883568975,
  "best_trial_number": 40,
  "best_trial_params": {
    "n_estimators": 476,
    "max_depth": 3,
    "learning_rate": 0.14310169578642312,
    "subsample": 0.7115484445362651,
    "colsample_bytree": 0.8267063217837444,
    "min_child_weight": 2,
    "reg_alpha": 0.9108325835610446,
    "reg_lambda": 0.25159260719597365
  },
  "n_trials_completed": 50
}