{
  "rmse_tuning_hz": 0.0,
  "rmse_freq_bpm_harmonic": 3.075833457452697,
  "rmse_freq_mains_fundamental": 0.20458085507667972,
  "rmse_freq_mains_harmonic_2": 2.939516013017038,
  "rmse_freq_mains_harmonic_3": 2.921827339259083,
  "rmse_freq_mains_harmonic_4": 3.0682263226224986,
  "rmse_freq_mains_harmonic_5": 3.0581256072189387,
  "rmse_freq_mains_ref_fundamental": 1.0643864704699209,
  "rmse_freq_mains_ref_harmonic_2": 3.2555312632808717,
  "rmse_freq_mains_ref_harmonic_3": 4.001536666279407,
  "rmse_freq_mains_ref_harmonic_4": 4.969798626436438,
  "rmse_freq_mains_ref_harmonic_5": 5.9318801356041115,
  "rmse_freq_pitch_ref": 8.578581034506376,
  "rmse_freq_schumann_bpm_anchor": 0.5708868747614987,
  "rmse_freq_solfeggio_seed": 6.681756936657741,
  "rmse_freq_sub_bass": 2.684674614391649,
  "rmse_mean": 3.3129463885646846,
  "r2_mean": 0.9773506267830785,
  "rmse_region_DETROIT_FIRST_WAVE": 2.442206609595008,
  "rmse_region_DETROIT_UR": 3.240400615929576,
  "rmse_region_DREXCIYA": 4.133515486446036,
  "rmse_region_JAPAN_IDM": 3.220958371268261,
  "rmse_region_UK_BRAINDANCE": 2.169815342024912,
  "rmse_region_UK_IDM": 2.279906173259362,
  "best_trial_number": 36,
  "best_trial_params": {
    "n_estimators": 546,
    "max_depth": 3,
    "learning_rate": 0.13347527453854277,
    "subsample": 0.853920070895007,
    "colsample_bytree": 0.8301747990222568,
    "min_child_weight": 7,
    "reg_alpha": 0.04889092612165363,
    "reg_lambda": 0.38525101503120235
  },
  "n_trials_completed": 50
}