{
  "rmse_tuning_hz": 0.0,
  "rmse_freq_bpm_harmonic": 3.0281940678922417,
  "rmse_freq_mains_fundamental": 0.1589237327335137,
  "rmse_freq_mains_harmonic_2": 2.901288905349162,
  "rmse_freq_mains_harmonic_3": 2.8840267536828272,
  "rmse_freq_mains_harmonic_4": 2.9920806161117572,
  "rmse_freq_mains_harmonic_5": 2.987136464668266,
  "rmse_freq_mains_ref_fundamental": 0.8436251624269545,
  "rmse_freq_mains_ref_harmonic_2": 3.0048393370662905,
  "rmse_freq_mains_ref_harmonic_3": 3.412150949472836,
  "rmse_freq_mains_ref_harmonic_4": 4.077933384044346,
  "rmse_freq_mains_ref_harmonic_5": 4.968851345218346,
  "rmse_freq_pitch_ref": 7.86914407278241,
  "rmse_freq_schumann_bpm_anchor": 0.5393661301322974,
  "rmse_freq_solfeggio_seed": 4.7990162374928165,
  "rmse_freq_sub_bass": 2.6458810557037395,
  "rmse_mean": 2.9445286384236127,
  "r2_mean": 0.9791202450572045,
  "rmse_region_DETROIT_FIRST_WAVE": 2.524747221369343,
  "rmse_region_DETROIT_UR": 3.15524147351958,
  "rmse_region_DREXCIYA": 3.6442672890978476,
  "rmse_region_JAPAN_IDM": 2.868126978402758,
  "rmse_region_UK_BRAINDANCE": 1.6657031414420675,
  "rmse_region_UK_IDM": 2.116426074295526,
  "best_trial_number": 11,
  "best_trial_params": {
    "n_estimators": 953,
    "max_depth": 3,
    "learning_rate": 0.044718163477332644,
    "subsample": 0.6085253890492004,
    "colsample_bytree": 0.9893318570825775,
    "min_child_weight": 6,
    "reg_alpha": 0.9864784358968461,
    "reg_lambda": 0.9674524523214268
  },
  "n_trials_completed": 50
}